26-06-2026,Threads,60
26-06-2026,Threads,60
26-06-2026,Threads,60
26-06-2026,Threads,60
26-06-2026,TikTok,60
26-06-2026,TikTok,60
26-06-2026,TikTok,60
26-06-2026,TikTok,60
26-06-2026,Threads,60
26-06-2026,Threads,60
26-06-2026,Threads,60
26-06-2026,Threads,60
26-06-2026,Threads,60
26-06-2026,osu!.exe,60
26-06-2026,osu!.exe,60
26-06-2026,osu!.exe,60
26-06-2026,osu!.exe,60
26-06-2026,hollow_night.exe,60
26-06-2026,hollow_night.exe,60
26-06-2026,hollow_night.exe,60
26-06-2026,hollow_night.exe,60
26-06-2026,osu!.exe,60
26-06-2026,osu!.exe,60
26-06-2026,osu!.exe,60
26-06-2026,osu!.exe,60
26-06-2026,osu!.exe,60